DROP TABLE `bewerbung`;
CREATE TABLE `bewerbung` (  `Bewerbung_ID` int(10) unsigned NOT NULL AUTO_INCREMENT,  `Charname` varchar(20) NOT NULL,  `Rasse` varchar(60) NOT NULL,  `Klasse` varchar(60) NOT NULL,  `Ausrichtung` varchar(60) NOT NULL,  `Warum` varchar(10000) NOT NULL,  `Vorlieben` varchar(60) NOT NULL,  `Zeit` char(5) NOT NULL,  `Zusatz` varchar(10000) NOT NULL,  `Mo` char(6) DEFAULT NULL,  `Di` char(8) DEFAULT NULL,  `Mi` char(8) DEFAULT NULL,  `Do` char(10) DEFAULT NULL,  `Fr` char(7) DEFAULT NULL,  `Sa` char(7) DEFAULT NULL,  `So` char(7) DEFAULT NULL,  `JT` char(9) DEFAULT NULL,  `alter` varchar(20) NOT NULL DEFAULT 'ohne Angabe',  `Aufgenommen` tinyint(1) NOT NULL DEFAULT '0',  `Bearbeitung` tinyint(1) NOT NULL DEFAULT '0',  `Grund` varchar(1000) NOT NULL,  PRIMARY KEY (`Bewerbung_ID`)) ENGINE=InnoDB AUTO_INCREMENT=24 DEFAULT CHARSET=utf8;
INSERT INTO `bewerbung` VALUES('10', 'umu', 'Mensch', 'Sith-Inquisitor', 'Heal', 'Suche Aktive Raidgilde um weiter zukommen', 'PVE', '15:00', 'Habe Wechselschicht und muss jeder Woche umfahren aber wenn ich weis wann ein raid ist bin ich da wenn ich mich angemeldet habe', '', '', '', '', '', '', '', 'jt', 'ohne Angabe', '0', '1', '');
INSERT INTO `bewerbung` VALUES('11', 'Tuckitucki', 'Mensch', 'Sith-Krieger', 'Tank', 'suche eine aktive Raid Gilde. Da in der Gilde, wo ich jetzt ', 'PVE', '11:00', 'hab nen knall seid nachsichtig^^', '', '', '', '', '', '', '', 'jt', 'ohne Angabe', '0', '1', '');
INSERT INTO `bewerbung` VALUES('13', 'Nêxx', 'Mensch', 'Sith-Krieger', 'DDmelee', 'Hi Imperial March,<br />\r\n<br />\r\nhiermit bewerbe ich mich (', 'PVE', '16:00', 'Hier würde ich uns gerne noch einmal vorstellen: Wir sind 19-20 Jahre alt und kommen aus Niedersachsen. Da wir oft zusammen zocken, war es für uns eigentlich klar dass wir gemeinsam einer Gilde beitreten wollen.<br />\r\n<br />\r\nSpieler:<br />\r\n<br />\r\nTim 19 Jahre, Ingame: Nêxx, Marauder<br />\r\nMarcel 19 Jahre, Ingame: Râyy, Sorcerer<br />\r\nDaniel 20 Jahre, Ingame: [Pending], Imperialer Agent (subclass unentschlossen)', '', '', '', '', '', '', '', 'jt', '19', '1', '1', '');
INSERT INTO `bewerbung` VALUES('14', 'Roheyn', 'Sith', 'Sith-Krieger', 'Tank', 'Eigentlich hatte ich nach vielen erfolgreichen Jahren WOW-Ga', 'PVE', '22:00', 'Zu Onlinezeiten:<br />\nStändig wechselnd aufgrund Schichtdienst und Familienleben. Kernzeiten: 8-16 oder 22 bis 02 Uhr<br />\n<br />\n', 'Mo', 'Di', 'Mi', 'Do', 'Fr', 'Sa', 'So', '', '35', '1', '1', '');
INSERT INTO `bewerbung` VALUES('16', 'Khrain', 'Mensch', 'Imperialer-Agent', 'DDrange', 'Da ich in das Raidgeschehen wieder mit einsteigen möchte , bin ich auf der Suche nach einer aktiven Raidgilde, welche auch ein schönes Heim für Schichtarbeiter und motivierte Raider bietet.', 'PVE', '15:00', 'Hey Zusammen,<br />\r\n<br />\r\nMein Name ist Daniel, bin 23 Jahre alt und komme aus dem schönen Wien in Österreich.<br />\r\nLeider muss ich schon vorweg sagen, dass ich Schichtarbeiter am Flughafen Wien-Schwechat bin und somit nicht zu allen Raidzeiten online sein kann, was ich aber durch jahrelange MMORPG und Raiderfahrung (WOW seit 2004 - Swtor seit 2012) in Sachen Gameplay und Taktik wieder wettmache.<br />\r\nWeiters bin ich sehr in American Football und Fußball interessiert und habe auch selbst 2 Jahre / 10 Jahre gespielt.<br />\r\n<br />\r\n•Informationen über meinen Hauptcharakter<br />\r\n<br />\r\nOrientierung: PvE<br />\r\n<br />\r\nName: Khrain<br />\r\n<br />\r\nSpezialisierung: MM ( je nachdem was am meisten Spaß macht und wo ich den größtmöglichen Schaden für den Raid erzielen kann)<br />\r\n<br />\r\nRolle : DD<br />\r\n<br />\r\nSpielzeit: wie gesagt, leider Schichtarbeiter ( ich gebe aber rechtzeitig bescheid sollte ein Termin nicht gehen!)<br />\r\n<br />\r\nEquip: Jau hier kommen wir zum Knackpunkt ', '', '', '', '', '', '', '', 'jt', '24', '1', '1', '');
INSERT INTO `bewerbung` VALUES('17', 'Ezzriel', 'Sith', 'Sith-Inquisitor', 'DDmelee', 'Weil ich verrückt bin und ich grad nicht weiß, ob ich halbnackte tanzende Kerle nicht epischen Fights vorziehen würde. Kurzum: ich bin auf der Suche nach Entscheidungshilfen. <br />\r\n<br />\r\nIch habe euer Gesuch im offiziellen Forum gesehen und bin dann hier gelandet. Die Mischung zwischen gemütlichem Feierabend-Zocken und Pole-Dan...ähhh, Nightmare-Raiden ist genau das, was ich suche.', 'PVE', '20:00', 'Auch wenn Ezzi erst zarte 23 ist, die lenkende Hand hinter ihr ist fast doppelt so alt, also 29 und irgendsoein komischer Buchstabe. Ich spiele seit Ewigkeiten, lange Zeit GW, dann kam HdRO, wo ich auch erfolgreich geraidet habe, bis die Swtor Beta kam. Die HdRO eindeutig den Rang abgelaufen hat. <br />\r\n<br />\r\nDie Leute, mit denen ich Swtor angefangen habe, haben leider alle aus unterschiedlichen Gründen aufgehört. Damit blieb ich bis jetzt auf imperialer Seite gildenlos (Rep. nur eine Bankgilde mit einer Freundin), was beim Leveln auch kein großes Problem ist.<br />\r\n<br />\r\nJetzt ist Ezzi aber vor kurzem groß geworden (ja guut, ich bin KEIN Powerlevler und ähhh ja, ich habe vielleicht noch ein-zwei andere kleine Chars so in jeder Klasse in jeder Fraktion), gerade dabei ihren Kleiderschrank aufzurüsten und sucht neue Herausforderungen. Da ich es nicht mag, mit Randoms zu spielen, war ich bislang noch in keiner OP und auch die meisten FPs sind noch offen. Da beißt sich auch die Katze', '', 'Di', 'Mi', 'Do', 'Fr', 'Sa', '', '', '23', '1', '1', '');
INSERT INTO `bewerbung` VALUES('18', 'Maranjia', 'Sith', 'Sith-Inquisitor', 'DDrange', 'Ich suche eine nette kleine Feierabendgilde, mit der man Spaß haben kann, die aber keine großen Onlinezwänge hat, von den Raids mal abgesehen. Ihr scheint dies zu bieten. Zudem war ich vor ein paar Tagen mit einem von euch im Flashpoint und die Person war sehr nett und Hilsbereit, ich weiß nur leider den Namen grad nicht mehr...', 'PVE/PVP', '17:00', '', '', 'Di', 'Mi', 'Do', 'Fr', 'Sa', 'So', '', '23', '1', '1', '');
INSERT INTO `bewerbung` VALUES('19', 'Seylol', 'Miraluka', 'Sith-Krieger', 'Tank', 'Ich suche eine Gilde dir mir hilft das Spiel zu erklären mit seinen ganzen Dingen zudem möchte ich auch nicht alleine spielen da ich eine Pause eingelegt hatte und nun in einer leeren Gilde bin suche ich nach einer die mir Hilft das Spiel wieder öfters und nicht alleine zu spielen :)', 'PVE', '17:00', 'Ich kann keine genauen Tage nennen da ich Arbeiten muss und mich auch um meine Freundin kümmern muss ^^ ', '', 'Di', 'Mi', 'Do', '', 'Sa', '', '', '22', '1', '1', '');
INSERT INTO `bewerbung` VALUES('20', 'Giganthus', 'Sith', 'Sith-Krieger', 'DDmelee', 'Als Marauder suche ich gerne nach einer Herausforderung was das raiden betrifft, die beiden neuen kenn ich schon im sm und asa hc clear, a&v 6/7. Da sich meine Gilde (first class gaming) so langsam auflöst suche ich dementsprechend eine neue und habe eure Seite im Allgemeinchat gelesen. Ich hoffe ich kann euch tatkräftig unterstützen.', 'Casual', '21:00', 'Ich bin nicht jeden Tag online, da ich sehr oft bis 20 Uhr arbeiten muss.<br />\r\nzurzeit bin ich aber mein Sniper am hochspielen (bei Galadriêl ingame melden).', '', '', '', '', '', '', '', 'jt', '24', '1', '1', '');
INSERT INTO `bewerbung` VALUES('21', 'Unus', 'Sith', 'Sith-Inquisitor', 'Heal', 'Das haben wir besprochen bei dem Proberaid gestern.', 'PVE', '20:00', 'Bin Schichtarbeiter, also varrieren meine Spielzeiten strak je nach Dienstplann und Familie.', '', 'Di', '', 'Do', 'Fr', 'Sa', 'So', '', '35', '1', '1', '');
INSERT INTO `bewerbung` VALUES('22', 'Chabneela', 'Sith', 'Sith-Krieger', 'DDmelee', 'Hallo, Ihr macht schon mal einen netten Eindruck habe im Forum euren Aufruf gelesen und denke das könnte  eine gute Gemeinschaft sein wo ich mit rein passe!!!<br />\r\n<br />\r\nBin gut erzogen und habe reichlich Erfahrung durch mein noch junges Alter ^^<br />\r\n', 'PVE/PVP', '12:00', 'Spiele dieses Spiel seit 20 Tagen und es gefällt mir sehr die Geschichte finde ich gelungen. Bin in einer Gilde seid 4 Tagen nur irgendwie geht sie gerade auseinnander. Da ich kein Gilden Springer sein möchte! Wissen Sie das ich mich wo anders noch Bewerbe mag keinen auf irgend einer weise beschummel. Also somit habe ich kein Schlechtes gewissen. Freu mich auf ein Gespräch im TS3 bei euch LG', 'Mo', 'Di', 'Mi', 'Do', 'Fr', 'Sa', 'So', 'jt', '35', '0', '1', '');
INSERT INTO `bewerbung` VALUES('23', 'Thedo', 'Mensch', 'Imperialer-Agent', 'DDrange', 'Hallo. Zur Zeit befinde ich mich als wiedereinsteiger in einer Gilde die aus ca 95 % Ex-Mitgliedern besteht, weil jeder von ihnen ein anderes Spielt in Anspruch genommen hat. Viele dieser Leute kannte ich aus anderen MMO\'s (vorrangig WoW). Leider haben sehr viele keine Lust mehr auf SWTOR. Da mich das Spiel aber wieder reizt würde ich gerne in eine Gilde in der ein wenig was los ist. Momentan bin ich noch in der Level Phase und auf 52, aber ich bin guter dinge das ich es bald bis 55 geschafft habe. Eins muß ich aber noch los werden. Meine Zeit als aktiver Raidteilnehmer sind definitiv vorbei. Doch bin ich gerne bereit auszuhelfen wenn Not am Mann ist.', 'Casual', '09:00', 'Da ich Schicht arbeite und dadurch unterschiedliche Onlinezeiten habe, hab ich mal jeden Tag angegeben, was aber nicht heißen soll das ich jeden Tag da bin. Auch die Zeit sind auf Grund dessen recht unterschiedlich', '', '', '', '', '', '', '', 'jt', '33', '0', '1', '');
DROP TABLE `chars`;
CREATE TABLE `chars` (  `ID` int(11) NOT NULL AUTO_INCREMENT,  `User_ID` int(11) NOT NULL,  `Char` varchar(30) NOT NULL,  `Klasse` varchar(5) NOT NULL,  PRIMARY KEY (`ID`),  UNIQUE KEY `Char` (`Char`)) ENGINE=InnoDB AUTO_INCREMENT=52 DEFAULT CHARSET=utf8;
INSERT INTO `chars` VALUES('6', '1', 'Vikki', 'RDD');
INSERT INTO `chars` VALUES('7', '1', 'Cali', 'Melee');
INSERT INTO `chars` VALUES('9', '3', 'Naztar', 'RDD');
INSERT INTO `chars` VALUES('10', '3', 'Conm', 'Melee');
INSERT INTO `chars` VALUES('12', '9', 'Quo', 'Melee');
INSERT INTO `chars` VALUES('13', '9', 'Premo', 'Heal');
INSERT INTO `chars` VALUES('14', '9', 'Xao', 'Tank');
INSERT INTO `chars` VALUES('15', '49', 'Yokido', 'RDD');
INSERT INTO `chars` VALUES('18', '6', 'Katejo', 'Heal');
INSERT INTO `chars` VALUES('19', '6', 'Keytor', 'Tank');
INSERT INTO `chars` VALUES('20', '6', 'Xikor', 'Melee');
INSERT INTO `chars` VALUES('21', '4', 'Nadjà', 'Heal');
INSERT INTO `chars` VALUES('28', '12', 'Kandala', 'Tank');
INSERT INTO `chars` VALUES('29', '12', 'Neksorr', 'RDD');
INSERT INTO `chars` VALUES('30', '12', 'Xerjo', 'Melee');
INSERT INTO `chars` VALUES('31', '42', 'Tessa_dira', 'Tank');
INSERT INTO `chars` VALUES('33', '47', 'Miliab', 'Heal');
INSERT INTO `chars` VALUES('38', '4', 'Nàdjà2', 'RDD');
INSERT INTO `chars` VALUES('39', '13', 'Ronik', 'RDD');
INSERT INTO `chars` VALUES('40', '13', 'Zareesh', 'Tank');
INSERT INTO `chars` VALUES('41', '13', 'Caiphas', 'Heal');
INSERT INTO `chars` VALUES('42', '14', 'Miraculix', 'Heal');
INSERT INTO `chars` VALUES('43', '35', 'Babtong', 'Tank');
INSERT INTO `chars` VALUES('45', '14', 'Crypter', 'Melee');
INSERT INTO `chars` VALUES('46', '8', 'Citan', 'Melee');
INSERT INTO `chars` VALUES('47', '8', 'Deranius', 'Tank');
INSERT INTO `chars` VALUES('48', '41', 'Ezzriel', 'Heal');
INSERT INTO `chars` VALUES('49', '46', 'Próton', 'Heal');
INSERT INTO `chars` VALUES('50', '46', 'Tértia', 'RDD');
INSERT INTO `chars` VALUES('51', '46', 'Deuterion', 'Tank');
DROP TABLE `counter`;
CREATE TABLE `counter` (  `cid` int(10) NOT NULL AUTO_INCREMENT,  `ip` varchar(15) NOT NULL,  `timestamp` int(10) NOT NULL,  PRIMARY KEY (`cid`)) ENGINE=InnoDB AUTO_INCREMENT=3 DEFAULT CHARSET=utf8;
INSERT INTO `counter` VALUES('2', '93.219.201.33', '1371479586');
DROP TABLE `mediapics`;
CREATE TABLE `mediapics` (  `PIC_ID` int(10) unsigned NOT NULL AUTO_INCREMENT,  `PIC_GROSS` varchar(160) NOT NULL,  `PIC_KLEIN` varchar(160) NOT NULL,  `PICDatum` timestamp NOT NULL DEFAULT CURRENT_TIMESTAMP ON UPDATE CURRENT_TIMESTAMP,  `PIC_Beschreibung` varchar(28) NOT NULL,  PRIMARY KEY (`PIC_ID`)) ENGINE=InnoDB AUTO_INCREMENT=13 DEFAULT CHARSET=utf8;
INSERT INTO `mediapics` VALUES('2', './img/Gildenfoto/gross/1378401709_b.jpeg', './img/Gildenfoto/klein/1378401709_s.jpeg', '2013-09-11 17:55:32', 'TS Template: Darth Talon');
INSERT INTO `mediapics` VALUES('3', './img/Gildenfoto/gross/1378401727_b.jpeg', './img/Gildenfoto/klein/1378401727_s.jpeg', '2013-09-11 17:57:16', 'TS Template: Twilek Clear');
INSERT INTO `mediapics` VALUES('4', './img/Gildenfoto/gross/1378406675_b.jpeg', './img/Gildenfoto/klein/1378406675_s.jpeg', '2013-09-05 20:44:35', '');
INSERT INTO `mediapics` VALUES('5', './img/Gildenfoto/gross/1378917130_b.png', './img/Gildenfoto/klein/1378917130_s.png', '2013-09-11 18:32:10', 'Desktophintergrund Black&Red');
INSERT INTO `mediapics` VALUES('6', './img/Gildenfoto/gross/1379542777_b.jpeg', './img/Gildenfoto/klein/1379542777_s.jpeg', '2013-09-19 00:19:37', 'Asation Karte');
INSERT INTO `mediapics` VALUES('7', './img/Gildenfoto/gross/1381346162_b.png', './img/Gildenfoto/klein/1381346162_s.png', '2013-10-09 21:16:02', 'Schreckensfestung Karte');
INSERT INTO `mediapics` VALUES('8', './img/Gildenfoto/gross/1382631230_b.png', './img/Gildenfoto/klein/1382631230_s.png', '2013-10-24 18:13:50', 'Brontes HC [Festung]');
INSERT INTO `mediapics` VALUES('9', './img/Gildenfoto/gross/1383583952_b.jpeg', './img/Gildenfoto/klein/1383583952_s.jpeg', '2013-11-04 17:52:33', 'UI Naztar');
INSERT INTO `mediapics` VALUES('10', './img/Gildenfoto/gross/1383687560_b.jpeg', './img/Gildenfoto/klein/1383687560_s.jpeg', '2013-11-05 22:39:20', 'UI Nadja');
INSERT INTO `mediapics` VALUES('11', './img/Gildenfoto/gross/1385718036_b.jpeg', './img/Gildenfoto/klein/1385718036_s.jpeg', '2013-11-29 10:40:36', 'Raidplaner');
INSERT INTO `mediapics` VALUES('12', './img/Gildenfoto/gross/1385718116_b.jpeg', './img/Gildenfoto/klein/1385718116_s.jpeg', '2013-11-29 10:41:56', 'Test');
DROP TABLE `mediavideo`;
CREATE TABLE `mediavideo` (  `Video_ID` int(10) unsigned NOT NULL AUTO_INCREMENT,  `PfadVideo` varchar(160) NOT NULL,  `VideoDatum` timestamp NOT NULL DEFAULT CURRENT_TIMESTAMP ON UPDATE CURRENT_TIMESTAMP,  PRIMARY KEY (`Video_ID`)) ENGINE=InnoDB AUTO_INCREMENT=8 DEFAULT CHARSET=utf8;
INSERT INTO `mediavideo` VALUES('1', 'KAV7-CVc3Ms', '2013-09-12 01:01:39');
INSERT INTO `mediavideo` VALUES('2', 'RJuFVtqoU7M', '2013-09-12 01:02:23');
INSERT INTO `mediavideo` VALUES('3', 'ewAYjbaPQ7E', '2013-09-12 01:09:53');
INSERT INTO `mediavideo` VALUES('4', '9LHzUndrNHY', '2013-09-12 01:57:03');
INSERT INTO `mediavideo` VALUES('6', 'owmGmnIcD-c', '2013-09-12 01:58:26');
INSERT INTO `mediavideo` VALUES('7', 'YDlqzIrQiHw', '2013-09-12 02:00:58');
DROP TABLE `news`;
CREATE TABLE `news` (  `NewsID` int(10) unsigned NOT NULL AUTO_INCREMENT,  `Titel` varchar(50) NOT NULL,  `News` varchar(1000) NOT NULL,  `Bild` varchar(160) NOT NULL,  PRIMARY KEY (`NewsID`)) ENGINE=InnoDB AUTO_INCREMENT=56 DEFAULT CHARSET=utf8;
INSERT INTO `news` VALUES('10', 'erste News', 'Willkommen auf unser Neuen Seite', './img/Site/News.png');
INSERT INTO `news` VALUES('11', 'User und Account fertig', 'Die Seiten \"User\" und \"Account\" sind fertig.\r\nDesweiteren ist auf der Startseite eine Geburtstagsübersicht eingebaut.\r\n\r\nMfG\r\n\r\nCali', './img/Site/News.png');
INSERT INTO `news` VALUES('12', 'Website', 'Ein weiteres Update ist online.\r\nWer suchet, der findet.\r\n\r\nMfG\r\n\r\nCali', './img/Site/News.png');
INSERT INTO `news` VALUES('13', 'Forum in der Open-Beta-Version Online!', 'Endlich ist es soweit! Wir haben ein Forum. Noch ist es\r\nin der Betaphase. Features wie eine Editierfunktion,\r\nSymbole welche neue Beiträge anzeigen, Userbild im Post\r\netc. kommen nach und nach!\r\n\r\nAlso keine Sorge ; Das Forum kommt noch auf seine Kosten.\r\nWichtig ist, dass wir jetzt erst mal diw wichtigesten\r\nSachen schriftlich festhalten können!\r\n\r\nWir hoffen es wird eurerseits gut angenommen und genutzt!\r\n\r\nGreetz das Admin-Team', './img/Site/News.png');
INSERT INTO `news` VALUES('14', 'Forum in der Open-Beta-Version Online!', 'Endlich ist es soweit! Wir haben ein Forum. Noch ist es in der Betaphase. Features wie eine Editierfunktion, Symbole welche neue Beiträge anzeigen, Userbild im Post etc. kommen nach und nach!\r\n\r\nAlso keine Sorge ; Das Forum kommt noch auf seine Kosten.\r\nWichtig ist, dass wir jetzt erst mal diw wichtigesten Sachen schriftlich festhalten können!\r\n\r\nWir hoffen es wird eurerseits gut angenommen und genutzt!\r\n\r\nGreetz das Admin-Team', './img/Site/News.png');
INSERT INTO `news` VALUES('15', 'Wussten Sie schon?', 'Das Tragen eines Kopfhörers von nur einer Stunde erhöht die Anzahl von Bakterien in deinem Ohr um 700%', './img/Site/I_M_FUN.png');
INSERT INTO `news` VALUES('16', 'Wussten Sie schon?', 'Wusstest Du schon?\r\n\r\nDas Tragen eines Kopfhörers von nur einer Stunde erhöht die Anzahl von Bakterien in deinem Ohr um 700%', './img/Site/I_M_FUN.png');
INSERT INTO `news` VALUES('17', 'Wussten Sie schon?', 'Wusstest Du schon?\r\n\r\nDer Aztekenherrscher Montezuma hatte einen Neffen namens Cuitlahac. Dieser Name bedeutet übersetzt in etwa \"Großer Haufen Scheiße\".', './img/Site/I_M_FUN.png');
INSERT INTO `news` VALUES('18', 'Wussten Sie schon?', 'Wusstest Du schon?\r\n\r\nDas längste deutsche Wort, in dem sich kein Buchstabe wiederholt ist \"Heizölrückstoßabdämpfung\".', './img/Site/I_M_FUN.png');
INSERT INTO `news` VALUES('19', 'Forum', 'Das Forum hat eine kleine, aber feine Erweiterung spendiert bekommen.\r\n', './img/Site/News.png');
INSERT INTO `news` VALUES('20', 'Wussten Sie schon?', 'Wusstest Du schon?\r\n\r\nGemessen am Gewicht, kosten Hamburger mehr als ein Neuwagen.', './img/Site/I_M_FUN.png');
INSERT INTO `news` VALUES('21', 'IM zieht um', 'I M zieht um!\r\n\r\nNach wochenlangem Überlegen, sind wir zu dem Entschluss gekommen, dass wir einen Umzug starten.\r\n\r\nAuf unserem derzeitigen Heimatserver Jar\'Kai Sword sind wir einfach nicht mehr glücklich. Sei es, weil frisch angeworbene Leute, hochmotiviert unsere Raids unterstützen, nur um nach dem dritten Raid spontan nicht mehr aufzutauchen oder die Tatsache, dass es einfach zuviele reine PVPler gibt und uns das im PVE zu Raidmember-Engpässen führt.\r\n\r\nWir haben lange versucht Stabilität in die Raidgruppen zu bekommen. Letztenendes mit dem Ergebnis, dass eine 11 Mann Truppe nach T3M4 umzuzieht.\r\n\r\nWir wünschen den Verbliebenen alles Gute und viel Erfolg auf dem alten Server und bedauern es, dass sie nicht mitkommen.\r\n\r\nDen Umzüglern drücken wir die Daumen, dass auf dem neuen Heimatserver alles besser wird!\r\n\r\nGruß, der Naz', './img/Site/News.png');
INSERT INTO `news` VALUES('22', 'Wussten Sie schon?', 'Wusstest Du schon?\r\n\r\nBruce Darnell war als Fallschirmspringer bei der US-Army.', './img/Site/I_M_FUN.png');
INSERT INTO `news` VALUES('23', 'Bewerbungen', 'Das Bewerbungsmodul ist fertig, bitte mal alle zu Testzwecken, eine Bewerbung erstellen. Dazu muss man sich abmelden.\r\n\r\nDanke \r\n\r\nJan', './img/Site/News.png');
INSERT INTO `news` VALUES('24', 'Cloudsystem', 'Eigenes Gildeninternes Cloudsystem.\r\nMehr im Forum unter \"Wichtiges\"\r\n\r\nJan', './img/Site/News.png');
INSERT INTO `news` VALUES('25', 'Cloud und Bilder', 'Wir haben jetzt ein eigenes Gilden-Cloudsystem.\r\nMehr Infos im Forum unter \"Wichtiges\"\r\n\r\nDesweiteren können jetzt Bilder hochgeladen und\r\nangschaut werden.\r\nZufinden unter Medien -> Pics\r\n\r\nJan', './img/Site/News.png');
INSERT INTO `news` VALUES('26', 'Forum Seite und TS off', 'Am 12.09. 1500 - 1800 nehme ich das Forum offline, da ich was an der Datenbank ändern will.\r\n\r\nAm 13.09. 2200 - 14.09. 0600 ist die Seite und das TS nicht erreichbar, da Strato die Server wartet.\r\n\r\nJan', './img/Site/News.png');
INSERT INTO `news` VALUES('27', 'Video', 'Video-Seite Online.\nZu finden unter Medien -> Movies\n\nAm 13.09. 2200 - 14.09. 0600 ist die Seite und das TS nicht erreichbar, da Strato die Server wartet.\n\nJan', './img/Site/News.png');
INSERT INTO `news` VALUES('28', 'Wissenschaftler und Pornos', 'Wissenschaftler der University of Montreal suchten für ein Experiment Männer, die schon einmal Pornos geschaut hatten, und solche, die noch nie welche gesehen hatten.\r\n\r\nAllerdings hatten sie Probleme die zweite Gruppe zu finden.', './img/Site/I_M_FUN.png');
INSERT INTO `news` VALUES('29', '!', 'Wussten Sie schon?\r\n\r\nUnser Forum verfügt nicht nur über Beiträge, sondern auch offensichtlich über \"BE\"träge!\r\n\r\nBitte hinterlassen Sie ihre Kontonummer + PIN um den ausgewiesenen Betrag zu erhalten.', './img/Site/I_M_FUN.png');
INSERT INTO `news` VALUES('31', 'Sticky', 'Unser Forum verfügt nun wie gewünscht über eine Sticky-Funkion. Wer einen Beitrag sticken möchte, der meldet das entsprechend in selbigem Beitrag. Gesticked wird dann von den Admins.', './img/Site/News.png');
INSERT INTO `news` VALUES('32', 'Aratech', 'Nicht .vergessen: \r\n\r\nAm 27.09.2013  findet das Event von Crypter statt um sich evtl noch den fehlenden Aratech zu ergattern.\r\nMehr Infos dazu findet ihr im Forum.', './img/Site/Event.png');
INSERT INTO `news` VALUES('34', 'Bearbeiten', 'Bearbeiten sollte wieder funktionieren.\r\nIch habe zu mindestens keine Fehler festgestellt.\r\n\r\nJan', './img/Site/News.png');
INSERT INTO `news` VALUES('35', 'Bearbeiten', 'Forumbeiträge bearbeiten geht wieder.\r\n\r\nIch habe zumindestens in mein 2min Test keine Fehler festgestellt.\r\n\r\nJan', './img/Site/News.png');
INSERT INTO `news` VALUES('36', 'Eure Beteiligung', 'Eure Beteiligung ist wichtig!\r\n\r\nMit freude beboachten wir, dass unser Forum seit einiger Zeit wieder richtig lebendig ist und es fast täglich neue Beiträge gibt.\r\n\r\nWie Ihr wisst ist unser Forum das mitunter wichtigste Kommunikationsmittel, gerade was Raidverabredungen bettrifft. Daher möchte ich Alle hier nocheinmal auffordern:\r\n\r\n\"Meldet euch an UND ab\"\r\n\r\nNichts ist ein wichtigeres Instrument für die Gildenstruktur und Planung, als euere Feedback! Um flexibel und situationsorientiert reagieren zu können brauchen wir diesen Input und die Beteiligung Aller. Zwei Klicks und ein deutliches \"+\" oder \"-\" helfen uns enorm. Sicher sogar mehr als Ihr glaubt.\r\n\r\nIch bedanke mich für euer Mitwirken und eure Unterstützung!\r\n\r\nGreetz der Naz', './img/Site/News.png');
INSERT INTO `news` VALUES('37', 'Mitteilung', 'Eure Beteiligung ist wichtig!\r\n\r\nMit freude beboachten wir, dass unser Forum seit einiger Zeit wieder richtig lebendig ist und es fast täglich neue Beiträge gibt.\r\n\r\nWie Ihr wisst ist unser Forum das mitunter wichtigste Kommunikationsmittel, gerade was Raidverabredungen bettrifft. Daher möchte ich Alle hier nocheinmal auffordern:\r\n\r\n\"Meldet euch an UND ab\"\r\n\r\nNichts ist ein wichtigeres Instrument für die Gildenstruktur und Planung, als euere Feedback! Um flexibel und situationsorientiert reagieren zu können brauchen wir diesen Input und die Beteiligung Aller. Zwei Klicks und ein deutliches \"+\" oder \"-\" helfen uns enorm. Sicher sogar mehr als Ihr glaubt.\r\n\r\nIch bedanke mich für euer Mitwirken und eure Unterstützung!\r\n\r\nGreetz der Naz\r\n\r\nDie Website ist bis auf vereinzelte Style Sachen und eventuelle Bugs fertig.\r\n\r\nJan', './img/Site/News.png');
INSERT INTO `news` VALUES('38', 'Eure Beteiligung', 'Eure Beteiligung ist wichtig!\r\n\r\nMit freude beobachten wir, dass unser Forum seit einiger Zeit wieder richtig lebendig ist und es fast täglich neue Beiträge gibt.\r\n\r\nWie Ihr wisst ist unser Forum das mitunter wichtigste Kommunikationsmittel, gerade was Raidverabredungen bettrifft. Daher möchte ich Alle hier nocheinmal auffordern:\r\n\r\n\"Meldet euch an UND ab\"\r\n\r\nNichts ist ein wichtigeres Instrument für die Gildenstruktur und Planung, als euere Feedback! Um flexibel und situationsorientiert reagieren zu können brauchen wir diesen Input und die Beteiligung Aller. Zwei Klicks und ein deutliches \"+\" oder \"-\" helfen uns enorm. Sicher sogar mehr als Ihr glaubt.\r\n\r\nIch bedanke mich für euer Mitwirken und eure Unterstützung!\r\n\r\nGreetz der Naz\r\n\r\nDie Website ist bis auf vereinzelte Style Sachen und eventuelle Bugs fertig.\r\n\r\nJan', './img/Site/News.png');
INSERT INTO `news` VALUES('39', 'Problembehandlung', '13.10.2013\r\n\r\nIch habe jetzt rausgefunden, warum bei einigen das Thread erstellen nicht funktioniert.\r\n\r\nDeshalb bitte ab sofort keine Apostrophe(Hochkommata) verwenden.\r\n\r\nJan\r\n\r\n____________________________________________________\r\n\r\nBitte bei Threaderstellung für Raids künftig den Schwierigkeitsgrad nennen!\r\n\r\nGanz simpel einfach vor Darum und tag [SM] oder [HC] schreiben!\r\n\r\nSteven', './img/Site/News.png');
INSERT INTO `news` VALUES('40', 'Erster Streich', '\r\n<center>Mit ein bißchen Stolz in der Brust, können wir behaupten, dass wir in einer guten Zeit (nach 3 Wochen neuem Content)\r\n</center>\r\n\r\n<center><size/16>In der Festung auf HC</size></center>\r\n\r\n\r\n<center>Wir Gratulieren allen, die beteiligt waren!\r\n</center>', './img/Site/News.png');
INSERT INTO `news` VALUES('41', 'palast', '<center>GESCHAFFT\n\nMit ein bißchen Stolz in der Brust, können wir behaupten, dass wir in einer guten Zeit (nach 3 Wochen neuem Content)\n\n\n<b>>>Die Festung auf dem Heroischen Mode clear haben!</b><<\n\n\n\nWir Gratulieren allen, die beteiligt waren!</center>', './img/Site/News.png');
INSERT INTO `news` VALUES('42', 'Festung HC Clear', '<center>GESCHAFFT\n\nMit ein bißchen Stolz in der Brust, können wir behaupten, dass wir in einer guten Zeit (nach 3 Wochen neuem Content)\n\n\n<b>>>Die Festung auf dem Heroischen Mode clear haben!<<</b>\n\n<img scr=\"./img/Bosskills/BrontesKill.png\" width=\"517\" height=\"291\" alt=\"\" />\n\n\nWir Gratulieren allen, die beteiligt waren!</center>', './img/Site/News.png');
INSERT INTO `news` VALUES('43', 'Festung HC Clear', '<center>GESCHAFFT\r\n\r\nMit ein bißchen Stolz in der Brust, können wir behaupten, dass wir in einer guten Zeit (nach 3 Wochen neuem Content)\r\n\r\n\r\n<b>>>Die Festung auf dem Heroischen Mode clear haben!<<</b>\r\n\r\n<img src=src=\"./img/Gildenfoto/gross/1382631230_b.png\" width=\"517\" height=\"291\">\r\n\r\n\r\n\r\nWir Gratulieren allen, die beteiligt waren!</center>', './img/Site/News.png');
INSERT INTO `news` VALUES('44', 'Festung HC Clear', '<center>GESCHAFFT\r\n\r\nMit ein bißchen Stolz in der Brust, können wir behaupten, dass wir in einer guten Zeit (nach 3 Wochen neuem Content)\r\n\r\n\r\n<b>>>Die Festung auf dem Heroischen Mode clear haben!<<</b>\r\n\r\n<img scr=\"http://www.imperial-march.de/img/Gildenfoto/gross/1382631230_b.png\" width=\"517\" height=\"291\">\r\n\r\n\r\n\r\nWir Gratulieren allen, die beteiligt waren!</center>\r\n\r\n', './img/Site/News.png');
INSERT INTO `news` VALUES('45', 'Festung HC Clear', '<center>GESCHAFFT\r\n\r\nMit ein bißchen Stolz in der Brust, können wir behaupten, dass wir in einer guten Zeit (nach 3 Wochen neuem Content)\r\n\r\n\r\n<b>>>Die Festung auf dem Heroischen Mode clear haben!<<</b>\r\n\r\n<img scr=\"http://www.imperial-march.de/img/Gildenfoto/gross/1382631230_b.png\" width=\"517\" height=\"291\" />\r\n\r\n\r\n\r\nWir Gratulieren allen, die beteiligt waren!</center>\r\n\r\n', './img/Site/News.png');
INSERT INTO `news` VALUES('46', 'Festung HC Clear', '<center>GESCHAFFT\n\nMit ein bißchen Stolz in der Brust, können wir behaupten, dass wir in einer guten Zeit (nach 3 Wochen neuem Content)\n\n\n<b>>>Die Festung auf dem Heroischen Mode clear haben!<<</b>\n\n<img src=\"http://www.imperial-march.de/Austausch/Bilder/Bosskills/BrontesKill.png\" width=\"517\" height=\"291\" alt=\"\" />\n\n\n\nWir Gratulieren allen, die beteiligt waren!</center>\n\n', './img/Site/News.png');
INSERT INTO `news` VALUES('47', 'Forum_Gelesen', 'Ich habe etwas versucht, dass das Laden der Seite beschleunigt (was auch der Fall ist, habs gemessen).\r\nEs kann aber sein, dass bei einigen das komplette Forum als ungelesen markiert ist. \r\nBei dem das der Fall sein sollte, bitte bescheid sagen.\r\n\r\nJan', './img/Site/News.png');
INSERT INTO `news` VALUES('48', 'Server Neustart', 'Hab 2 Punkte die euch nicht vorenthalten will.\r\n\r\n1: Am Samstag im laufe des Tages werde ich spontan den Server neustarten. Es müssen ein paar Updates vom BS installiert werden.\r\n\r\n2: Ich habe erstmal das Bewerbungsformular geschlossen.\r\n\r\nJan', './img/Site/News.png');
INSERT INTO `news` VALUES('49', 'Server Neustart Raidplaner', 'Hab 3 Punkte die euch nicht vorenthalten will.\r\n\r\n1: Am Samstag im laufe des Tages werde ich spontan den Server neustarten. Es müssen ein paar Updates vom BS installiert werden.\r\n\r\n2: Ich habe erstmal das Bewerbungsformular geschlossen.\r\n\r\n3. Wie vielleicht schon bemerkt, ist in der Linkleiste ein neuer Link erschienen genannt \"Raidplaner\". Dieser ist noch nicht für den allgemeinen Gebrauch gedacht. Ich will euch hiermit nämlich als Tester mißbrauchen. Deshalb tobt euch aus.\r\n\r\nJan', './img/Site/News.png');
INSERT INTO `news` VALUES('50', 'Server Neustart Raidplaner 1', 'Hab 2 Punkte die euch nicht vorenthalten will.\r\n\r\n1: Am Samstag im laufe des Tages werde ich spontan den Server neustarten. Es müssen ein paar Updates vom BS installiert werden.\r\n\r\n2: Wie vielleicht schon bemerkt, ist in der Linkleiste ein neuer Link erschienen genannt \"Raidplaner\". Dieser ist noch nicht für den allgemeinen Gebrauch gedacht. Ich will euch hiermit nämlich als Tester mißbrauchen. Deshalb tobt euch aus.\r\n\r\nJan', './img/Site/News.png');
INSERT INTO `news` VALUES('51', 'Raidplaner', 'Der Raidplaner ist fertig.\r\n\r\nJetzt bitte testen, testen und nochmal testen.\r\n\r\nUmso schneller sämtliche Fehler behoben sind, umso schneller kann er in den Produktiveinsatz gehen.\r\n\r\nJan', './img/Site/News.png');
INSERT INTO `news` VALUES('52', 'Raidplanung', 'Ab sofort Raidplanung nur noch per Raidplaner.\r\n\r\n', './img/Site/News.png');
INSERT INTO `news` VALUES('53', 'Raidplaner', '[center][b]Bitte beachten!!![/b]\r\n\r\nAb sofort findet die Raidanmeldung über den neuen Planer statt. Der Link zum Planer ist oben in der Leiste mit eingebunden. Bitte tragt euch entsprechend immer ein, auch wenn es nur zum abmelden ist falls Ihr nicht mit könnt oder meldet euch ggf. nur als Ersatz an.[/center]', './img/Site/News.png');
INSERT INTO `news` VALUES('54', 'Raidplaner', '<center><b>Bitte beachten!!!</b>\r\n\r\nAb sofort findet die Raidanmeldung über den neuen Planer statt. Der Link zum Planer ist oben in der Leiste mit eingebunden. Bitte tragt euch entsprechend immer ein, auch wenn es nur zum abmelden ist falls Ihr nicht mit könnt oder meldet euch ggf. nur als Ersatz an.</center>', './img/Site/News.png');
INSERT INTO `news` VALUES('55', 'Server Neustart', '<b>Bitte beachten!!!</b>\r\n\r\nAb sofort findet die Raidanmeldung über den neuen Planer statt. Der Link zum Planer ist oben in der Leiste mit eingebunden. Bitte tragt euch entsprechend immer ein, auch wenn es nur zum abmelden ist falls Ihr nicht mit könnt oder meldet euch ggf. nur als Ersatz an.\r\n\r\n<b>Desweiteren:</b>\r\nIch starte morgen Mittag den Server neu, aufgrund Sicherheitsupdates. Ich versuche gleichzeitig das TS zu aktualisieren. Daher kann es sein, das dieses etwas länger nicht erreichbar ist. ', './img/Site/News.png');
DROP TABLE `raidplaner`;
CREATE TABLE `raidplaner` (  `ID` int(11) NOT NULL AUTO_INCREMENT,  `Raid` varchar(20) CHARACTER SET utf8 NOT NULL,  `Modus` varchar(2) CHARACTER SET utf8 NOT NULL,  `Tag` int(11) NOT NULL,  `Monat` int(11) NOT NULL,  `Jahr` int(11) NOT NULL,  `Uhrzeit` varchar(5) CHARACTER SET utf8 NOT NULL,  `User_ID` int(11) NOT NULL,  `Raidleiter` varchar(20) CHARACTER SET utf8 NOT NULL,  `Gruppe` varchar(20) CHARACTER SET utf8 NOT NULL,  PRIMARY KEY (`ID`)) ENGINE=InnoDB AUTO_INCREMENT=14 DEFAULT CHARSET=latin1;
INSERT INTO `raidplaner` VALUES('2', 'Ewige Kammer', 'SM', '30', '11', '2013', '18:00', '1', 'Naztar', 'Raidgruppe 1');
INSERT INTO `raidplaner` VALUES('3', 'Ewige Kammer', 'SM', '28', '11', '2013', '20:45', '1', 'Crypter', 'Raidgruppe 2');
INSERT INTO `raidplaner` VALUES('4', 'Schreckenspalast', 'NM', '29', '11', '2013', '22:45', '1', 'Arnis', '16er');
INSERT INTO `raidplaner` VALUES('5', 'Schreckenspalast', 'SM', '1', '12', '2013', '20:30', '9', 'Quo', 'Raidgruppe 1');
INSERT INTO `raidplaner` VALUES('6', 'Schreckenspalast', 'HC', '3', '12', '2013', '20:30', '12', 'Kandala', 'Raidgruppe 2');
INSERT INTO `raidplaner` VALUES('7', 'Schreckenspalast', 'HC', '4', '12', '2013', '20:30', '12', 'Kandala', 'Raidgruppe 2');
INSERT INTO `raidplaner` VALUES('8', 'Schreckenspalast', 'SM', '5', '12', '2013', '20:00', '23', 'Arnis', 'Raidgruppe 1');
INSERT INTO `raidplaner` VALUES('9', 'Schreckensfestung', 'SM', '8', '12', '2013', '20:30', '9', 'Quo', 'Raidgruppe 1');
INSERT INTO `raidplaner` VALUES('10', 'Schreckenspalast', 'HC', '10', '12', '2013', '20:30', '9', 'Ronik', 'Raidgruppe 2');
INSERT INTO `raidplaner` VALUES('11', 'Asation', 'NM', '11', '12', '2013', '20:30', '9', 'Ronik', 'Raidgruppe 2');
INSERT INTO `raidplaner` VALUES('12', 'Schreckenspalast', 'SM', '12', '12', '2013', '20:30', '9', 'Quo', 'Raidgruppe 1');
INSERT INTO `raidplaner` VALUES('13', 'Darvannis', 'HC', '15', '12', '2013', '19:30', '6', 'Katejo', 'Event (siehe Forum)');
DROP TABLE `raids`;
CREATE TABLE `raids` (  `ID` int(11) NOT NULL AUTO_INCREMENT,  `Raid` varchar(30) CHARACTER SET utf8 NOT NULL,  `geschafft` int(11) NOT NULL,  `gesamt` int(11) NOT NULL,  PRIMARY KEY (`ID`)) ENGINE=InnoDB AUTO_INCREMENT=7 DEFAULT CHARSET=latin1;
INSERT INTO `raids` VALUES('1', 'Asation', '5', '5');
INSERT INTO `raids` VALUES('2', 'Darvannis', '7', '7');
INSERT INTO `raids` VALUES('3', 'Toborro', '1', '1');
INSERT INTO `raids` VALUES('4', 'Dreadfortress', '5', '5');
INSERT INTO `raids` VALUES('5', 'Dreadpalace', '5', '5');
INSERT INTO `raids` VALUES('6', '', '0', '0');
DROP TABLE `raidteilnahme`;
CREATE TABLE `raidteilnahme` (  `ID` int(11) NOT NULL AUTO_INCREMENT,  `RaidID` int(11) NOT NULL,  `CharID` int(11) NOT NULL,  `Teilnahme` int(11) NOT NULL,  `UserID` int(11) NOT NULL,  `Kommentar` varchar(101) NOT NULL,  PRIMARY KEY (`ID`),  UNIQUE KEY `ID` (`ID`)) ENGINE=InnoDB AUTO_INCREMENT=111 DEFAULT CHARSET=utf8;
INSERT INTO `raidteilnahme` VALUES('35', '2', '6', '2', '1', '');
INSERT INTO `raidteilnahme` VALUES('36', '5', '6', '4', '1', 'muss arbeiten');
INSERT INTO `raidteilnahme` VALUES('37', '6', '6', '1', '1', 'Das klappt schon, die hatten 2 Jahre zum üben');
INSERT INTO `raidteilnahme` VALUES('38', '7', '6', '1', '1', '');
INSERT INTO `raidteilnahme` VALUES('39', '2', '39', '4', '13', '');
INSERT INTO `raidteilnahme` VALUES('40', '5', '39', '3', '13', 'Auch Tank und Heal verfügbar');
INSERT INTO `raidteilnahme` VALUES('41', '6', '39', '1', '13', '');
INSERT INTO `raidteilnahme` VALUES('42', '7', '39', '1', '13', '');
INSERT INTO `raidteilnahme` VALUES('43', '6', '28', '1', '12', '');
INSERT INTO `raidteilnahme` VALUES('44', '7', '28', '1', '12', '');
INSERT INTO `raidteilnahme` VALUES('45', '6', '9', '4', '3', 'Kumpelsabend mit Fifa geht vor.');
INSERT INTO `raidteilnahme` VALUES('46', '7', '9', '3', '3', '');
INSERT INTO `raidteilnahme` VALUES('47', '6', '43', '1', '35', '');
INSERT INTO `raidteilnahme` VALUES('48', '7', '43', '1', '35', '');
INSERT INTO `raidteilnahme` VALUES('49', '5', '45', '4', '14', '');
INSERT INTO `raidteilnahme` VALUES('50', '5', '14', '1', '9', '');
INSERT INTO `raidteilnahme` VALUES('51', '6', '12', '1', '9', '');
INSERT INTO `raidteilnahme` VALUES('52', '7', '12', '1', '9', '');
INSERT INTO `raidteilnahme` VALUES('53', '6', '21', '1', '4', '');
INSERT INTO `raidteilnahme` VALUES('54', '7', '21', '1', '4', '');
INSERT INTO `raidteilnahme` VALUES('55', '6', '18', '1', '6', 'Patchday :P');
INSERT INTO `raidteilnahme` VALUES('56', '8', '7', '1', '1', '');
INSERT INTO `raidteilnahme` VALUES('57', '7', '18', '1', '6', '');
INSERT INTO `raidteilnahme` VALUES('58', '8', '14', '1', '9', 'kann auch als DD');
INSERT INTO `raidteilnahme` VALUES('59', '9', '14', '1', '9', 'kann auch als DD');
INSERT INTO `raidteilnahme` VALUES('60', '9', '7', '1', '1', 'ich auch, sogar als Range');
INSERT INTO `raidteilnahme` VALUES('61', '6', '46', '1', '8', '');
INSERT INTO `raidteilnahme` VALUES('62', '7', '46', '1', '8', '');
INSERT INTO `raidteilnahme` VALUES('63', '8', '29', '1', '12', 'Kann auch als Tank');
INSERT INTO `raidteilnahme` VALUES('64', '9', '29', '4', '12', '');
INSERT INTO `raidteilnahme` VALUES('65', '8', '33', '3', '47', 'sollte meine Tochter schlafen, bin alleine zu Hause');
INSERT INTO `raidteilnahme` VALUES('66', '8', '39', '4', '13', '');
INSERT INTO `raidteilnahme` VALUES('67', '9', '39', '3', '13', 'Tank, Heal oder DD nach Bedarf');
INSERT INTO `raidteilnahme` VALUES('68', '8', '15', '3', '49', 'Kann leider erst ab 21-21:30 Uhr');
INSERT INTO `raidteilnahme` VALUES('69', '9', '15', '1', '49', '');
INSERT INTO `raidteilnahme` VALUES('70', '8', '48', '4', '41', '');
INSERT INTO `raidteilnahme` VALUES('71', '9', '48', '1', '41', '');
INSERT INTO `raidteilnahme` VALUES('72', '8', '38', '1', '4', '');
INSERT INTO `raidteilnahme` VALUES('73', '10', '12', '1', '9', '');
INSERT INTO `raidteilnahme` VALUES('74', '10', '6', '1', '1', '');
INSERT INTO `raidteilnahme` VALUES('75', '10', '28', '1', '12', '');
INSERT INTO `raidteilnahme` VALUES('76', '9', '45', '4', '14', 'ab Donnerstag wieder dabei');
INSERT INTO `raidteilnahme` VALUES('77', '11', '12', '1', '9', '');
INSERT INTO `raidteilnahme` VALUES('78', '11', '6', '4', '1', 'Muss länger arbeiten');
INSERT INTO `raidteilnahme` VALUES('79', '9', '38', '1', '4', '');
INSERT INTO `raidteilnahme` VALUES('80', '10', '21', '1', '4', '');
INSERT INTO `raidteilnahme` VALUES('81', '11', '21', '1', '4', '');
INSERT INTO `raidteilnahme` VALUES('82', '10', '46', '1', '8', '');
INSERT INTO `raidteilnahme` VALUES('83', '11', '46', '1', '8', '');
INSERT INTO `raidteilnahme` VALUES('84', '10', '18', '4', '6', 'Miliab heilt für mich');
INSERT INTO `raidteilnahme` VALUES('85', '11', '18', '1', '6', '');
INSERT INTO `raidteilnahme` VALUES('86', '10', '43', '1', '35', '');
INSERT INTO `raidteilnahme` VALUES('87', '11', '43', '1', '35', '');
INSERT INTO `raidteilnahme` VALUES('88', '10', '33', '3', '47', '');
INSERT INTO `raidteilnahme` VALUES('89', '12', '14', '1', '9', '');
INSERT INTO `raidteilnahme` VALUES('90', '11', '28', '1', '12', '');
INSERT INTO `raidteilnahme` VALUES('91', '12', '29', '3', '12', 'Falls ich benötigt werde bin ich dabei als Tank oder DD');
INSERT INTO `raidteilnahme` VALUES('92', '12', '45', '1', '14', '');
INSERT INTO `raidteilnahme` VALUES('93', '10', '45', '3', '14', '');
INSERT INTO `raidteilnahme` VALUES('94', '10', '39', '1', '13', '');
INSERT INTO `raidteilnahme` VALUES('95', '11', '39', '1', '13', '');
INSERT INTO `raidteilnahme` VALUES('96', '12', '39', '4', '13', '');
INSERT INTO `raidteilnahme` VALUES('97', '10', '48', '4', '41', 'muss arbeiten');
INSERT INTO `raidteilnahme` VALUES('98', '11', '48', '3', '41', '');
INSERT INTO `raidteilnahme` VALUES('99', '12', '48', '1', '41', '');
INSERT INTO `raidteilnahme` VALUES('100', '12', '46', '3', '8', '');
INSERT INTO `raidteilnahme` VALUES('101', '12', '6', '4', '1', '');
INSERT INTO `raidteilnahme` VALUES('102', '12', '18', '4', '6', 'Nicht da kann also nicht aushelfen');
INSERT INTO `raidteilnahme` VALUES('103', '12', '38', '4', '4', 'schaffe es heute auch leider nicht');
INSERT INTO `raidteilnahme` VALUES('104', '13', '18', '1', '6', 'Proberaid mir Bewerbern Ziel hängt letztlich von den freien IDs ab');
INSERT INTO `raidteilnahme` VALUES('105', '13', '6', '3', '1', 'Komme mit, wenn benötigt. Per WhatsApp bescheidgeben.');
INSERT INTO `raidteilnahme` VALUES('106', '13', '28', '3', '12', 'Falls ich benötigt werde bin ich dabei als Tank oder DD');
INSERT INTO `raidteilnahme` VALUES('107', '13', '12', '1', '9', 'HC kann ich nur DD od Heal anbieten');
INSERT INTO `raidteilnahme` VALUES('108', '13', '21', '1', '4', '');
INSERT INTO `raidteilnahme` VALUES('109', '13', '33', '4', '47', '');
INSERT INTO `raidteilnahme` VALUES('110', '13', '39', '3', '13', 'Kann frühestens ab 20 - 20:15 Uhr');
DROP TABLE `site_counter`;
CREATE TABLE `site_counter` (  `ip` varchar(15) NOT NULL,  `visit` date NOT NULL,  `online` varchar(255) NOT NULL) ENGINE=MyISAM DEFAULT CHARSET=latin1;
INSERT INTO `site_counter` VALUES('93.219.193.76', '2013-09-30', '1380577324');
INSERT INTO `site_counter` VALUES('2.245.230.108', '2013-09-30', '1380581937');
INSERT INTO `site_counter` VALUES('178.190.185.230', '2013-09-30', '1380568032');
INSERT INTO `site_counter` VALUES('85.214.217.142', '2013-09-30', '1381606919');
INSERT INTO `site_counter` VALUES('81.169.144.135', '2013-09-30', '1381604724');
INSERT INTO `site_counter` VALUES('87.183.135.170', '2013-09-30', '1380572445');
INSERT INTO `site_counter` VALUES('2.245.230.108', '2013-10-01', '1380578433');
INSERT INTO `site_counter` VALUES('81.169.144.135', '2013-10-01', '1380578448');
INSERT INTO `site_counter` VALUES('95.141.28.121', '2013-10-01', '1380602958');
INSERT INTO `site_counter` VALUES('91.64.217.39', '2013-10-01', '1381230141');
INSERT INTO `site_counter` VALUES('80.187.107.170', '2013-10-01', '1380611243');
INSERT INTO `site_counter` VALUES('2.245.95.226', '2013-10-01', '1380650265');
INSERT INTO `site_counter` VALUES('79.242.195.219', '2013-10-01', '1380635965');
INSERT INTO `site_counter` VALUES('109.45.3.29', '2013-10-01', '1380636925');
INSERT INTO `site_counter` VALUES('84.130.145.149', '2013-10-01', '1380638906');
INSERT INTO `site_counter` VALUES('93.219.222.96', '2013-10-01', '1380662899');
INSERT INTO `site_counter` VALUES('87.183.139.82', '2013-10-01', '1380649744');
INSERT INTO `site_counter` VALUES('91.66.218.79', '2013-10-01', '1380968675');
INSERT INTO `site_counter` VALUES('87.185.142.67', '2013-10-01', '1380644607');
INSERT INTO `site_counter` VALUES('176.199.22.154', '2013-10-01', '1380912146');
INSERT INTO `site_counter` VALUES('81.169.144.135', '2013-10-02', '1380666750');
INSERT INTO `site_counter` VALUES('37.221.169.137', '2013-10-02', '1380929955');
INSERT INTO `site_counter` VALUES('91.64.217.39', '2013-10-02', '1380697579');
INSERT INTO `site_counter` VALUES('80.187.108.223', '2013-10-02', '1380704874');
INSERT INTO `site_counter` VALUES('176.199.22.154', '2013-10-02', '1380705348');
INSERT INTO `site_counter` VALUES('2.245.70.148', '2013-10-02', '1380728121');
INSERT INTO `site_counter` VALUES('2.206.3.18', '2013-10-02', '1380708549');
INSERT INTO `site_counter` VALUES('91.66.218.79', '2013-10-02', '1380723130');
INSERT INTO `site_counter` VALUES('87.185.164.246', '2013-10-02', '1380739015');
INSERT INTO `site_counter` VALUES('87.183.141.116', '2013-10-02', '1380735015');
INSERT INTO `site_counter` VALUES('93.219.230.12', '2013-10-02', '1380755364');
INSERT INTO `site_counter` VALUES('79.242.194.46', '2013-10-02', '1380739134');
INSERT INTO `site_counter` VALUES('87.185.136.23', '2013-10-02', '1380821887');
INSERT INTO `site_counter` VALUES('93.219.230.12', '2013-10-03', '1380751224');
INSERT INTO `site_counter` VALUES('81.169.144.135', '2013-10-03', '1380751231');
INSERT INTO `site_counter` VALUES('85.214.217.142', '2013-10-03', '1380753178');
INSERT INTO `site_counter` VALUES('176.199.22.154', '2013-10-03', '1380754212');
INSERT INTO `site_counter` VALUES('87.183.141.116', '2013-10-03', '1380754643');
INSERT INTO `site_counter` VALUES('2.245.70.148', '2013-10-03', '1380761295');
INSERT INTO `site_counter` VALUES('87.185.136.23', '2013-10-03', '1380789083');
INSERT INTO `site_counter` VALUES('91.66.218.79', '2013-10-03', '1380790553');
INSERT INTO `site_counter` VALUES('93.219.223.51', '2013-10-03', '1380807119');
INSERT INTO `site_counter` VALUES('2.245.241.114', '2013-10-03', '1380933996');
INSERT INTO `site_counter` VALUES('80.187.100.7', '2013-10-03', '1380817251');
INSERT INTO `site_counter` VALUES('2.206.0.211', '2013-10-03', '1380813844');
INSERT INTO `site_counter` VALUES('92.77.63.57', '2013-10-03', '1380822560');
INSERT INTO `site_counter` VALUES('79.242.201.178', '2013-10-03', '1380833664');
INSERT INTO `site_counter` VALUES('93.219.197.183', '2013-10-03', '1380835565');
INSERT INTO `site_counter` VALUES('87.183.143.247', '2013-10-03', '1380824472');
INSERT INTO `site_counter` VALUES('87.185.179.241', '2013-10-03', '1380901465');
INSERT INTO `site_counter` VALUES('2.245.241.114', '2013-10-04', '1380837639');
INSERT INTO `site_counter` VALUES('81.169.144.135', '2013-10-04', '1380841705');
INSERT INTO `site_counter` VALUES('37.221.169.137', '2013-10-04', '1380861752');
INSERT INTO `site_counter` VALUES('91.64.217.39', '2013-10-04', '1380865843');
INSERT INTO `site_counter` VALUES('80.187.100.7', '2013-10-04', '1380869509');
INSERT INTO `site_counter` VALUES('80.187.97.35', '2013-10-04', '1380881500');
INSERT INTO `site_counter` VALUES('176.199.22.154', '2013-10-04', '1380878100');
INSERT INTO `site_counter` VALUES('87.185.179.241', '2013-10-04', '1380884558');
INSERT INTO `site_counter` VALUES('79.242.204.106', '2013-10-04', '1380885069');
INSERT INTO `site_counter` VALUES('2.206.0.172', '2013-10-04', '1380891342');
INSERT INTO `site_counter` VALUES('109.45.1.81', '2013-10-04', '1380893986');
INSERT INTO `site_counter` VALUES('93.219.215.121', '2013-10-04', '1380908471');
INSERT INTO `site_counter` VALUES('80.187.96.150', '2013-10-04', '1380899023');
INSERT INTO `site_counter` VALUES('87.183.143.4', '2013-10-04', '1380910155');
INSERT INTO `site_counter` VALUES('84.130.150.210', '2013-10-04', '1380918733');
INSERT INTO `site_counter` VALUES('93.219.197.5', '2013-10-04', '1380914673');
INSERT INTO `site_counter` VALUES('81.169.144.135', '2013-10-05', '1380926425');
INSERT INTO `site_counter` VALUES('2.245.241.114', '2013-10-05', '1380928738');
INSERT INTO `site_counter` VALUES('93.219.221.110', '2013-10-05', '1380934697');
INSERT INTO `site_counter` VALUES('37.221.169.137', '2013-10-05', '1380929424');
INSERT INTO `site_counter` VALUES('87.185.190.129', '2013-10-05', '1380998117');
INSERT INTO `site_counter` VALUES('93.219.219.235', '2013-10-05', '1381096459');
INSERT INTO `site_counter` VALUES('91.66.218.79', '2013-10-05', '1380968419');
INSERT INTO `site_counter` VALUES('84.130.165.170', '2013-10-05', '1381014453');
INSERT INTO `site_counter` VALUES('2.245.105.48', '2013-10-05', '1381019800');
INSERT INTO `site_counter` VALUES('87.183.152.208', '2013-10-05', '1381009679');
INSERT INTO `site_counter` VALUES('88.152.123.200', '2013-10-05', '1381000877');
INSERT INTO `site_counter` VALUES('87.170.111.210', '2013-10-05', '1381082621');
INSERT INTO `site_counter` VALUES('84.130.165.170', '2013-10-06', '1381010430');
INSERT INTO `site_counter` VALUES('2.245.105.48', '2013-10-06', '1381010485');
INSERT INTO `site_counter` VALUES('81.169.144.135', '2013-10-06', '1381010518');
INSERT INTO `site_counter` VALUES('87.183.152.208', '2013-10-06', '1381016183');
INSERT INTO `site_counter` VALUES('93.219.219.235', '2013-10-06', '1381038439');
INSERT INTO `site_counter` VALUES('109.45.2.26', '2013-10-06', '1381045791');
INSERT INTO `site_counter` VALUES('87.170.111.210', '2013-10-06', '1381051566');
INSERT INTO `site_counter` VALUES('2.206.0.1', '2013-10-06', '1381052888');
INSERT INTO `site_counter` VALUES('2.206.1.241', '2013-10-06', '1381054040');
INSERT INTO `site_counter` VALUES('87.183.185.142', '2013-10-06', '1381095949');
INSERT INTO `site_counter` VALUES('2.245.201.210', '2013-10-06', '1381076990');
INSERT INTO `site_counter` VALUES('109.45.0.131', '2013-10-06', '1381062782');
INSERT INTO `site_counter` VALUES('80.187.96.150', '2013-10-06', '1381065912');
INSERT INTO `site_counter` VALUES('84.160.92.216', '2013-10-06', '1381069093');
INSERT INTO `site_counter` VALUES('178.201.101.220', '2013-10-06', '1381354181');
INSERT INTO `site_counter` VALUES('84.130.150.167', '2013-10-06', '1381071099');
INSERT INTO `site_counter` VALUES('93.219.201.15', '2013-10-06', '1381073985');
INSERT INTO `site_counter` VALUES('80.187.97.173', '2013-10-06', '1381228049');
INSERT INTO `site_counter` VALUES('79.218.124.60', '2013-10-06', '1381079544');
INSERT INTO `site_counter` VALUES('87.149.137.96', '2013-10-06', '1381081571');
INSERT INTO `site_counter` VALUES('87.187.150.3', '2013-10-06', '1381084948');
INSERT INTO `site_counter` VALUES('87.185.167.163', '2013-10-06', '1381163775');
INSERT INTO `site_counter` VALUES('81.169.144.135', '2013-10-07', '1381096811');
INSERT INTO `site_counter` VALUES('93.219.241.141', '2013-10-07', '1381121319');
INSERT INTO `site_counter` VALUES('62.214.130.11', '2013-10-07', '1381491438');
INSERT INTO `site_counter` VALUES('91.64.217.39', '2013-10-07', '1381125995');
INSERT INTO `site_counter` VALUES('80.187.97.173', '2013-10-07', '1381127592');
INSERT INTO `site_counter` VALUES('2.206.3.196', '2013-10-07', '1381147950');
INSERT INTO `site_counter` VALUES('79.242.201.11', '2013-10-07', '1381178797');
INSERT INTO `site_counter` VALUES('109.47.1.56', '2013-10-07', '1381145631');
INSERT INTO `site_counter` VALUES('178.201.101.220', '2013-10-07', '1381151178');
INSERT INTO `site_counter` VALUES('217.7.207.41', '2013-10-07', '1381152038');
INSERT INTO `site_counter` VALUES('87.183.177.37', '2013-10-07', '1381167950');
INSERT INTO `site_counter` VALUES('87.185.167.163', '2013-10-07', '1381157792');
INSERT INTO `site_counter` VALUES('109.45.0.46', '2013-10-07', '1381158617');
INSERT INTO `site_counter` VALUES('93.219.199.112', '2013-10-07', '1381182342');
INSERT INTO `site_counter` VALUES('2.246.39.101', '2013-10-07', '1381175029');
INSERT INTO `site_counter` VALUES('87.185.174.162', '2013-10-07', '1381181278');
INSERT INTO `site_counter` VALUES('81.169.144.135', '2013-10-08', '1381187986');
INSERT INTO `site_counter` VALUES('93.219.246.58', '2013-10-08', '1381208069');
INSERT INTO `site_counter` VALUES('91.64.217.39', '2013-10-08', '1381210930');
INSERT INTO `site_counter` VALUES('80.187.97.173', '2013-10-08', '1381217100');
INSERT INTO `site_counter` VALUES('2.206.0.100', '2013-10-08', '1381224236');
INSERT INTO `site_counter` VALUES('109.45.1.226', '2013-10-08', '1381227498');
INSERT INTO `site_counter` VALUES('178.201.101.220', '2013-10-08', '1381229322');
INSERT INTO `site_counter` VALUES('62.214.130.11', '2013-10-08', '1381234150');
INSERT INTO `site_counter` VALUES('84.130.174.114', '2013-10-08', '1381235618');
INSERT INTO `site_counter` VALUES('93.219.243.150', '2013-10-08', '1381264489');
INSERT INTO `site_counter` VALUES('79.242.199.76', '2013-10-08', '1381246495');
INSERT INTO `site_counter` VALUES('2.246.39.172', '2013-10-08', '1381263192');
INSERT INTO `site_counter` VALUES('87.185.174.162', '2013-10-08', '1381252521');
INSERT INTO `site_counter` VALUES('87.183.189.56', '2013-10-08', '1381253319');
INSERT INTO `site_counter` VALUES('81.169.144.135', '2013-10-09', '1381269637');
INSERT INTO `site_counter` VALUES('178.201.101.220', '2013-10-09', '1381270552');
INSERT INTO `site_counter` VALUES('93.219.243.150', '2013-10-09', '1381271727');
INSERT INTO `site_counter` VALUES('87.185.185.50', '2013-10-09', '1381328228');
INSERT INTO `site_counter` VALUES('93.219.196.176', '2013-10-09', '1381294473');
INSERT INTO `site_counter` VALUES('62.214.130.11', '2013-10-09', '1381297247');
INSERT INTO `site_counter` VALUES('80.187.97.173', '2013-10-09', '1381305586');
INSERT INTO `site_counter` VALUES('84.130.167.207', '2013-10-09', '1381328938');
INSERT INTO `site_counter` VALUES('80.187.97.157', '2013-10-09', '1381323634');
INSERT INTO `site_counter` VALUES('79.242.199.63', '2013-10-09', '1381342732');
INSERT INTO `site_counter` VALUES('89.144.192.135', '2013-10-09', '1381331193');
INSERT INTO `site_counter` VALUES('87.187.174.245', '2013-10-09', '1381334997');
INSERT INTO `site_counter` VALUES('2.245.129.150', '2013-10-09', '1381355591');
INSERT INTO `site_counter` VALUES('87.183.136.96', '2013-10-09', '1381349944');
INSERT INTO `site_counter` VALUES('93.219.224.245', '2013-10-09', '1381352658');
INSERT INTO `site_counter` VALUES('85.214.217.142', '2013-10-09', '1381338015');
INSERT INTO `site_counter` VALUES('109.47.1.179', '2013-10-09', '1381342923');
INSERT INTO `site_counter` VALUES('93.219.224.245', '2013-10-10', '1381358198');
INSERT INTO `site_counter` VALUES('81.169.144.135', '2013-10-10', '1381360717');
INSERT INTO `site_counter` VALUES('93.192.122.92', '2013-10-10', '1381374441');
INSERT INTO `site_counter` VALUES('93.219.201.180', '2013-10-10', '1381380962');
INSERT INTO `site_counter` VALUES('91.64.217.39', '2013-10-10', '1381383794');
INSERT INTO `site_counter` VALUES('62.214.130.11', '2013-10-10', '1381383921');
INSERT INTO `site_counter` VALUES('87.185.169.185', '2013-10-10', '1381421397');
INSERT INTO `site_counter` VALUES('87.187.132.19', '2013-10-10', '1381387601');
INSERT INTO `site_counter` VALUES('80.187.97.28', '2013-10-10', '1381390331');
INSERT INTO `site_counter` VALUES('109.45.2.71', '2013-10-10', '1381400320');
INSERT INTO `site_counter` VALUES('2.206.3.84', '2013-10-10', '1381400599');
INSERT INTO `site_counter` VALUES('109.45.2.141', '2013-10-10', '1381407508');
INSERT INTO `site_counter` VALUES('178.201.101.220', '2013-10-10', '1381409420');
INSERT INTO `site_counter` VALUES('79.242.200.185', '2013-10-10', '1381424153');
INSERT INTO `site_counter` VALUES('93.219.237.172', '2013-10-10', '1381445646');
INSERT INTO `site_counter` VALUES('2.245.76.95', '2013-10-10', '1381439184');
INSERT INTO `site_counter` VALUES('87.183.138.119', '2013-10-10', '1381429700');
INSERT INTO `site_counter` VALUES('79.242.168.180', '2013-10-10', '1381491768');
INSERT INTO `site_counter` VALUES('93.219.237.172', '2013-10-11', '1381442448');
INSERT INTO `site_counter` VALUES('79.194.81.37', '2013-10-11', '1381444128');
INSERT INTO `site_counter` VALUES('93.219.221.37', '2013-10-11', '1381467268');
INSERT INTO `site_counter` VALUES('62.214.130.11', '2013-10-11', '1381470729');
INSERT INTO `site_counter` VALUES('80.187.100.20', '2013-10-11', '1381475061');
INSERT INTO `site_counter` VALUES('80.187.107.101', '2013-10-11', '1381596932');
INSERT INTO `site_counter` VALUES('2.206.0.71', '2013-10-11', '1381485341');
INSERT INTO `site_counter` VALUES('81.169.144.135', '2013-10-11', '1381485355');
INSERT INTO `site_counter` VALUES('84.130.160.245', '2013-10-11', '1381528487');
INSERT INTO `site_counter` VALUES('79.242.168.180', '2013-10-11', '1381491763');
INSERT INTO `site_counter` VALUES('87.185.190.12', '2013-10-11', '1381565774');
INSERT INTO `site_counter` VALUES('79.242.201.22', '2013-10-11', '1381493473');
INSERT INTO `site_counter` VALUES('93.219.251.97', '2013-10-11', '1381531753');
INSERT INTO `site_counter` VALUES('93.195.42.252', '2013-10-11', '1381511912');
INSERT INTO `site_counter` VALUES('87.183.186.10', '2013-10-11', '1381516726');
INSERT INTO `site_counter` VALUES('79.194.72.232', '2013-10-11', '1381517826');
INSERT INTO `site_counter` VALUES('85.214.217.142', '2013-10-11', '1381525965');
INSERT INTO `site_counter` VALUES('93.219.251.97', '2013-10-12', '1381528802');
INSERT INTO `site_counter` VALUES('85.214.217.142', '2013-10-12', '1381528888');
INSERT INTO `site_counter` VALUES('81.169.144.135', '2013-10-12', '1381528988');
INSERT INTO `site_counter` VALUES('79.194.72.232', '2013-10-12', '1381529830');
INSERT INTO `site_counter` VALUES('2.246.39.27', '2013-10-12', '1381530481');
INSERT INTO `site_counter` VALUES('93.219.201.171', '2013-10-12', '1381553887');
INSERT INTO `site_counter` VALUES('87.185.190.12', '2013-10-12', '1381565768');
INSERT INTO `site_counter` VALUES('109.45.1.103', '2013-10-12', '1381572787');
INSERT INTO `site_counter` VALUES('93.219.206.115', '2013-10-12', '1381576627');
INSERT INTO `site_counter` VALUES('87.183.133.51', '2013-10-12', '1381592519');
INSERT INTO `site_counter` VALUES('93.219.248.54', '2013-10-12', '1381610589');
INSERT INTO `site_counter` VALUES('2.246.39.218', '2013-10-12', '1381589190');
INSERT INTO `site_counter` VALUES('79.218.109.42', '2013-10-12', '1381580791');
INSERT INTO `site_counter` VALUES('80.187.107.101', '2013-10-12', '1381592625');
INSERT INTO `site_counter` VALUES('84.130.143.174', '2013-10-12', '1381608805');
DROP TABLE `user`;
CREATE TABLE `user` (  `User_ID` int(10) unsigned NOT NULL AUTO_INCREMENT,  `Email` varchar(100) NOT NULL,  `Passwort` char(32) NOT NULL,  `Mainchar` varchar(20) NOT NULL,  `RLBildklein` varchar(160) DEFAULT NULL,  `RLBildgross` varchar(160) DEFAULT NULL,  `Vorname` varchar(60) DEFAULT NULL,  `Name` varchar(60) DEFAULT NULL,  `GebDatum` date DEFAULT NULL,  `Ort` varchar(60) DEFAULT NULL,  `Telefon` varchar(25) DEFAULT NULL,  `oeffentlEmail` tinyint(1) DEFAULT NULL,  `Beschreibung` varchar(1000) DEFAULT NULL,  `Status` enum('aktiv','admin','deaktiviert','neu') DEFAULT 'neu',  `Online` bigint(20) NOT NULL,  PRIMARY KEY (`User_ID`),  UNIQUE KEY `Mainchar` (`Mainchar`)) ENGINE=InnoDB AUTO_INCREMENT=52 DEFAULT CHARSET=utf8;
INSERT INTO `user` VALUES('1', 'jankruse83@googlemail.com', '29b3391b6d7b39e0070068d0e2f782ad', 'Vikki', '_s.png', '_b.png', 'Jan', '', '1970-01-01', '', '', '0', '', 'admin', '1387021043');
INSERT INTO `user` VALUES('3', 'rfn84@gmx.de', '342576de4de529c1c1c199f2e5eaaeb8', 'Naztar', './img/Userfoto/klein/13739700903392_s.png', './img/Userfoto/gross/13739700903392_b.png', 'Steven', 'Guth', '1984-06-03', 'Bingen', '', '1', 'Na na na na na na na na na na na na Batmaaaaan!', 'admin', '1386939871');
INSERT INTO `user` VALUES('4', 'danny.schr78@googlemail.com', '6b7b655dd22faa3f10677c512493a8a0', 'Nadja', './img/Userfoto/klein/13769331396657_s.png', './img/Userfoto/gross/13769331396657_b.png', 'Danny', 'Schröter', '1978-12-22', 'Marl', '', '1', '', 'admin', '1386968778');
INSERT INTO `user` VALUES('5', 'kilian.gerdes@gmail.com', '5003969326bbef0cb35112eb0f8a878a', 'Ysefv', './img/Userfoto/klein/13780509707710_s.png', './img/Userfoto/gross/13780509707710_b.png', 'Kilian', 'Gerdes', '1991-12-10', 'Westerstede', '', '1', '', 'aktiv', '1386707259');
INSERT INTO `user` VALUES('6', 'hamannsa@web.de', 'add47e0001e6cb32ead37e6e43b187b3', 'Katejo', './img/Userfoto/klein/13866053092998_s.png', './img/Userfoto/gross/13866053092998_b.png', 'Sabine', '', '1970-01-01', '', '', '0', '', 'admin', '1387015438');
INSERT INTO `user` VALUES('7', 'philipp.lemcke@gmail.com', '6bf2b956b02e7d2fac8968cd6cf89669', 'Avioid', '_s.png', '_b.png', 'Philipp', 'Lemcke', '1992-02-12', 'Ilsede', '', '1', 'pew pew pew!', 'deaktiviert', '0');
INSERT INTO `user` VALUES('8', 'bahn-christian@t-online.de', 'b2e90e2b853a2544b25c5b0a7e5dbe26', 'Citan', './img/Userfoto/klein/13859120196223_s.png', './img/Userfoto/gross/13859120196223_b.png', 'Christian', 'B.', '1991-10-17', 'Gelsenkirchen', '', '0', '', 'aktiv', '1387005229');
INSERT INTO `user` VALUES('9', 'denisoh@web.de', '37785745739b265174c69fa4488c4264', 'Quo', './img/Userfoto/klein/13781973593542_s.png', './img/Userfoto/gross/13781973593542_b.png', 'DeNis', '', '1984-04-03', 'Stuttgart', '', '0', '', 'admin', '1387019717');
INSERT INTO `user` VALUES('12', 'stefan.kurz1987@web.de', 'e99a18c428cb38d5f260853678922e03', 'Kandala', './img/Userfoto/klein/13783285174214_s.png', './img/Userfoto/gross/13783285174214_b.png', '', '', '1987-09-08', '', '', '0', '', 'admin', '1386980563');
INSERT INTO `user` VALUES('13', 'olafpache@gmail.com', 'b08cb75e2f2f37ff7f7ef87fdd80ca1b', 'Ronik', './img/Userfoto/klein/13870189382410_s.png', './img/Userfoto/gross/13870189382410_b.png', 'Olaf', '', '1982-02-05', 'Tübingen', '', '0', '', 'aktiv', '1387018987');
INSERT INTO `user` VALUES('14', 'andyziehn@gmx.de', '8090add91cee9ac9013bdc030e0162d8', 'Crypter', './img/Userfoto/klein/13717434304028_s.png', './img/Userfoto/gross/13717434304028_b.png', 'Andreas', 'Ziehn', '1983-07-13', 'Falkensee', '491629898829', '1', '', 'aktiv', '1386966035');
INSERT INTO `user` VALUES('17', 'stemar70@gmx.de', 'f0a1a3b76ca1f34c94f2d1a7976623e5', 'Pendragona', '_s.png', '_b.png', 'Stefan', '', '1970-08-16', '', '', '0', '', 'deaktiviert', '0');
INSERT INTO `user` VALUES('18', 'andreas@schrogl.de', '1d71035736651a192bd510103f3e04cc', 'Belgeron', '_s.png', '_b.png', 'Andreas', 'Schrogl', '1970-01-01', 'Pfullingen', '', '0', 'Möp Möp der Belge in da House', 'deaktiviert', '0');
INSERT INTO `user` VALUES('22', 'jankruse83@gmail.com', '29b3391b6d7b39e0070068d0e2f782ad', 'TestAccount', '_s.png', '_b.png', '', '', '1970-01-01', '', '', '0', '', 'deaktiviert', '1385739871');
INSERT INTO `user` VALUES('23', 'Andrekehl@web.de', '56f56570c8fcc62d9199a87e207c05dd', 'Arnis', './img/Userfoto/klein/13803873969806_s.png', './img/Userfoto/gross/13803873969806_b.png', '', '', '1975-09-16', 'Berlin', '', '0', '', 'aktiv', '1386951116');
INSERT INTO `user` VALUES('24', 'moritz.kores@gmx.at', '4c89d9338927fdf76b666f5adec8aef8', 'Nupraptor', '_s.png', '_b.png', 'Moritz', '', '1970-01-01', '', '', '0', '', 'aktiv', '1386015858');
INSERT INTO `user` VALUES('25', 'marionbaumbach72@googlemail.com', '7e4910651a23242f77eb88d8ff410e22', 'Numaru', './img/Userfoto/klein/13778132706893_s.png', './img/Userfoto/gross/13778132706893_b.png', 'Marion', '', '1972-08-12', '', '', '0', '', 'aktiv', '1384444131');
INSERT INTO `user` VALUES('35', 'eunho.shin@googlemail.com', '141800617ad76940cf7168bb0a9ae6dd', 'Kimbab', './img/Userfoto/klein/13803225094038_s.png', './img/Userfoto/gross/13803225094038_b.png', 'Eun-Ho ', 'Shin', '1970-01-01', 'Berlin', '', '0', 'Hi! ^^', 'aktiv', '1386701826');
INSERT INTO `user` VALUES('37', 'chrisabtenau@gmx.de', '0975cf6baccb3862c31522c2b5b8fabc', 'Roheyn', '_s.png', '_b.png', 'Chris', '', '1978-07-12', 'Ruhrpott', '', '0', '35 Jahre alt, verheiratet, 1 Kind im Alter von 2,5 Jahren', 'aktiv', '1380408395');
INSERT INTO `user` VALUES('38', 'daniel.kohlschutter@gmx.net', '19145fb445a548c5281a31086890e09c', 'Khrain', './img/Userfoto/klein/13802780499325_s.png', './img/Userfoto/gross/13802780499325_b.png', '', '', '1970-01-01', '', '', '0', '', 'aktiv', '1381590594');
INSERT INTO `user` VALUES('40', 'stefan_schwark@web.de', '135a05c9fa59ca9ba6a963b940b1ce07', 'Thanas', './img/Userfoto/klein/13813349878435_s.png', './img/Userfoto/gross/13813349878435_b.png', '', '', '1970-01-01', '', '', '0', '', 'aktiv', '1381336302');
INSERT INTO `user` VALUES('41', 'Isidra@gmx.net', '5ffb3decf7a8e250b9de4c5328d9f12b', 'Ezzriel', './img/Userfoto/klein/13869839182966_s.png', './img/Userfoto/gross/13869839182966_b.png', 'Christiane', '', '1967-10-17', 'Berlin ', '', '0', '', 'admin', '1386987877');
INSERT INTO `user` VALUES('42', 'thali0n@gmx.de', '684303edfc733fa8cc9a7b4731d9f2b1', 'Tessa_dira', './img/Userfoto/klein/13823551076289_s.png', './img/Userfoto/gross/13823551076289_b.png', 'Christian', 'H.', '1981-04-12', 'Weiterstadt', '', '0', 'Project-Manager / Frontend-Web-Developer', 'aktiv', '1386856850');
INSERT INTO `user` VALUES('43', 'Milan.Schabbel@gmx.de', '5a3f9497009abe8071f05b443f1a1401', 'Maranjia', '_s.png', '_b.png', '', '', '', '', '', '0', '', 'deaktiviert', '1382475621');
INSERT INTO `user` VALUES('44', 'pfaff.kevin@ymail.com', '3813ac5bfb9675d8b9686c930e875331', 'Seylol', '_s.png', '_b.png', '', '', '', '', '', '0', '', 'deaktiviert', '0');
INSERT INTO `user` VALUES('45', 'Walli89@gmx.de', '6275480c7e11ade420546c0db39cd09f', 'Giganthus', '_s.png', '_b.png', 'Daniel', '', '1989-10-14', 'Münster (NRW)', '', '0', '', 'deaktiviert', '1384274890');
INSERT INTO `user` VALUES('46', 'alexander.tannenberg@t-online.de', 'e43a049fe344d61c71e381cf3c116faf', 'Próton', '_s.png', '_b.png', '', '', '1970-01-01', '', '', '0', '', 'aktiv', '1386532242');
INSERT INTO `user` VALUES('47', 'martin.poser@gmx.de', 'd43209160ad7adba1898c3ef3b82fa65', 'Miliab', '_s.png', '_b.png', 'Martin', '', '1980-02-01', 'Koblenz', '', '0', '', 'aktiv', '1386972628');
INSERT INTO `user` VALUES('51', 'sbller@yahoo.de', '7fad50a91ca92ee7897c68c4d6d7613a', 'Minh\'yu', '_s.png', '_b.png', '', '', '1970-01-01', '', '', '0', '', 'aktiv', '0');
